{
  "hash": "e34786c6",
  "configHash": "ac3f34c4",
  "lockfileHash": "ce350aae",
  "browserHash": "421e596b",
  "optimized": {
    "@angular/core": {
      "src": "../../../../../../node_modules/@angular/core/fesm2022/core.mjs",
      "file": "@angular_core.js",
      "fileHash": "2f0f18a0",
      "needsInterop": false
    },
    "@angular/material/button": {
      "src": "../../../../../../node_modules/@angular/material/fesm2022/button.mjs",
      "file": "@angular_material_button.js",
      "fileHash": "6040ee02",
      "needsInterop": false
    },
    "@angular/material/icon": {
      "src": "../../../../../../node_modules/@angular/material/fesm2022/icon.mjs",
      "file": "@angular_material_icon.js",
      "fileHash": "60a3193f",
      "needsInterop": false
    },
    "@angular/material/list": {
      "src": "../../../../../../node_modules/@angular/material/fesm2022/list.mjs",
      "file": "@angular_material_list.js",
      "fileHash": "1548b8b6",
      "needsInterop": false
    },
    "@angular/material/sidenav": {
      "src": "../../../../../../node_modules/@angular/material/fesm2022/sidenav.mjs",
      "file": "@angular_material_sidenav.js",
      "fileHash": "dbd24f96",
      "needsInterop": false
    },
    "@angular/material/toolbar": {
      "src": "../../../../../../node_modules/@angular/material/fesm2022/toolbar.mjs",
      "file": "@angular_material_toolbar.js",
      "fileHash": "6caed425",
      "needsInterop": false
    },
    "@angular/platform-browser": {
      "src": "../../../../../../node_modules/@angular/platform-browser/fesm2022/platform-browser.mjs",
      "file": "@angular_platform-browser.js",
      "fileHash": "85b6b94c",
      "needsInterop": false
    },
    "@angular/platform-browser/animations/async": {
      "src": "../../../../../../node_modules/@angular/platform-browser/fesm2022/animations/async.mjs",
      "file": "@angular_platform-browser_animations_async.js",
      "fileHash": "02ec765c",
      "needsInterop": false
    },
    "@angular/router": {
      "src": "../../../../../../node_modules/@angular/router/fesm2022/router.mjs",
      "file": "@angular_router.js",
      "fileHash": "295236d9",
      "needsInterop": false
    }
  },
  "chunks": {
    "browser-452J23DN": {
      "file": "browser-452J23DN.js"
    },
    "chunk-KD77BOF7": {
      "file": "chunk-KD77BOF7.js"
    },
    "chunk-TBP3TZVJ": {
      "file": "chunk-TBP3TZVJ.js"
    },
    "chunk-DIFAEP6N": {
      "file": "chunk-DIFAEP6N.js"
    },
    "chunk-CHUXVV4C": {
      "file": "chunk-CHUXVV4C.js"
    },
    "chunk-TQAGDKIY": {
      "file": "chunk-TQAGDKIY.js"
    },
    "chunk-7WEFQ6UK": {
      "file": "chunk-7WEFQ6UK.js"
    }
  }
}