{
  "hash": "d50ca26d",
  "configHash": "d1bb16bb",
  "lockfileHash": "ce350aae",
  "browserHash": "fecb9a45",
  "optimized": {
    "@angular/core": {
      "src": "../../../../../../node_modules/@angular/core/fesm2022/core.mjs",
      "file": "@angular_core.js",
      "fileHash": "c17811de",
      "needsInterop": false
    },
    "@angular/material/button": {
      "src": "../../../../../../node_modules/@angular/material/fesm2022/button.mjs",
      "file": "@angular_material_button.js",
      "fileHash": "88c54c17",
      "needsInterop": false
    },
    "@angular/material/icon": {
      "src": "../../../../../../node_modules/@angular/material/fesm2022/icon.mjs",
      "file": "@angular_material_icon.js",
      "fileHash": "ba5cb0ac",
      "needsInterop": false
    },
    "@angular/material/list": {
      "src": "../../../../../../node_modules/@angular/material/fesm2022/list.mjs",
      "file": "@angular_material_list.js",
      "fileHash": "9f2f882a",
      "needsInterop": false
    },
    "@angular/material/sidenav": {
      "src": "../../../../../../node_modules/@angular/material/fesm2022/sidenav.mjs",
      "file": "@angular_material_sidenav.js",
      "fileHash": "4809cc33",
      "needsInterop": false
    },
    "@angular/material/toolbar": {
      "src": "../../../../../../node_modules/@angular/material/fesm2022/toolbar.mjs",
      "file": "@angular_material_toolbar.js",
      "fileHash": "0964f242",
      "needsInterop": false
    },
    "@angular/platform-browser": {
      "src": "../../../../../../node_modules/@angular/platform-browser/fesm2022/platform-browser.mjs",
      "file": "@angular_platform-browser.js",
      "fileHash": "4246d61f",
      "needsInterop": false
    },
    "@angular/platform-browser/animations/async": {
      "src": "../../../../../../node_modules/@angular/platform-browser/fesm2022/animations/async.mjs",
      "file": "@angular_platform-browser_animations_async.js",
      "fileHash": "2e95ef6d",
      "needsInterop": false
    },
    "@angular/platform-server": {
      "src": "../../../../../../node_modules/@angular/platform-server/fesm2022/platform-server.mjs",
      "file": "@angular_platform-server.js",
      "fileHash": "dc0257cf",
      "needsInterop": false
    },
    "@angular/router": {
      "src": "../../../../../../node_modules/@angular/router/fesm2022/router.mjs",
      "file": "@angular_router.js",
      "fileHash": "e14f42f2",
      "needsInterop": false
    },
    "@angular/ssr": {
      "src": "../../../../../../node_modules/@angular/ssr/fesm2022/ssr.mjs",
      "file": "@angular_ssr.js",
      "fileHash": "17e24db8",
      "needsInterop": false
    },
    "@angular/ssr/node": {
      "src": "../../../../../../node_modules/@angular/ssr/fesm2022/node.mjs",
      "file": "@angular_ssr_node.js",
      "fileHash": "7e64e1af",
      "needsInterop": false
    },
    "express": {
      "src": "../../../../../../node_modules/express/index.js",
      "file": "express.js",
      "fileHash": "ee9208d7",
      "needsInterop": true
    }
  },
  "chunks": {
    "browser-XSNOJM6H": {
      "file": "browser-XSNOJM6H.js"
    },
    "xhr2-TXIMV6CV": {
      "file": "xhr2-TXIMV6CV.js"
    },
    "chunk-QFVLGSDO": {
      "file": "chunk-QFVLGSDO.js"
    },
    "chunk-C77PNJRQ": {
      "file": "chunk-C77PNJRQ.js"
    },
    "chunk-7S3KXAD7": {
      "file": "chunk-7S3KXAD7.js"
    },
    "chunk-FBO73CJD": {
      "file": "chunk-FBO73CJD.js"
    },
    "chunk-F365SP4Y": {
      "file": "chunk-F365SP4Y.js"
    },
    "chunk-FDQ6JLBD": {
      "file": "chunk-FDQ6JLBD.js"
    },
    "chunk-H4RMYDHK": {
      "file": "chunk-H4RMYDHK.js"
    },
    "chunk-N4Z34NS6": {
      "file": "chunk-N4Z34NS6.js"
    },
    "chunk-KGFTXC6C": {
      "file": "chunk-KGFTXC6C.js"
    },
    "chunk-PEAVEDUD": {
      "file": "chunk-PEAVEDUD.js"
    },
    "chunk-YHCV7DAQ": {
      "file": "chunk-YHCV7DAQ.js"
    }
  }
}